sample_id,cell_line,passage,study_part,percent_oxygen,treatment_clean,treatment_full,pdl,percent_lifespan,clinical_condition,donor_age,cell_type,sex,days_grown,telomere_length,telomere_length_cv,mtdna_cn,rnaseq_id,methylation_basename,clock_horvath1,clock_horvath2,clock_hannum,clock_phenoage,clock_grimage,clock_dnamtl,clock_dnamsen,clock_skin,clock_dunedin,grim_adm,grim_b2m,grim_cystatin,grim_gdf15,grim_leptin,grim_pai1,grim_timp1,pdl_norm,pdl_bin,has_rna,has_met,has_telomere,has_mtdna,has_img,has_clocks,n_modalities,rna_matrix_col,met_matrix_col,fold,senescence_score,sasp_score,mito_rna_score
2,hFB1,4.0,1,21,Control,Control_21,2.82,,Normal,29.0,Primary Human Fibroblast (forearm),male,3.9,1.18,0.02,338.58,,203784950011_R01C01,32.31,30.11,-8.97,16.75,40.84,5.61,-2.98,,0.191459149,331.57,1742869.59,747951.86,405.38,14378.39,-1355.36,32261.75,0.04671968190854871,early,False,True,True,True,True,True,4,,203784950011_R01C01 beta,2.0,,,
4,hFB1,6.0,1,21,Control,Control_21,7.4,,Normal,29.0,Primary Human Fibroblast (forearm),male,11.9,1.01,0.01,276.98,,203784950064_R03C01,39.82,26.75,-8.31,24.66,41.41,5.42,-2.04,,0.28391522,339.54,1667589.6,703510.82,249.48,11234.02,-87.14,32710.05,0.12259774685222002,early,False,True,True,True,True,True,4,,203784950064_R03C01 beta,2.0,,,
7,hFB1,9.0,1,21,Control,Control_21,17.94,,Normal,29.0,Primary Human Fibroblast (forearm),male,24.85,0.98,0.03,313.44,,203784950028_R06C01,54.72,24.49,-1.22,38.66,50.95,5.18,-1.55,,0.619482822,368.53,1590087.06,682637.49,418.11,14648.62,12867.74,33794.89,0.29721669980119286,early,False,True,True,True,True,True,4,,203784950028_R06C01 beta,2.0,,,
11,hFB1,13.0,1,21,Control,Control_21,32.79,,Normal,29.0,Primary Human Fibroblast (forearm),male,45.44,0.7,0.11,441.92,,203784950092_R02C01,65.44,27.98,7.76,52.4,53.27,5.04,-0.18,,0.708923576,374.02,1634205.1,718934.15,705.58,18789.84,10830.27,34033.29,0.5432405566600398,mid,False,True,True,True,True,True,4,,203784950092_R02C01 beta,2.0,,,
14,hFB1,16.0,1,21,Control,Control_21,44.36,,Normal,29.0,Primary Human Fibroblast (forearm),male,61.06,0.64,0.13,371.65,,203784950049_R04C01,76.37,33.87,8.64,46.26,53.6,4.89,2.18,,0.599255368,382.41,1709377.25,777030.8,575.02,21018.52,3587.49,34047.08,0.7349237905897945,late,False,True,True,True,True,True,4,,203784950049_R04C01 beta,2.0,,,
18,hFB1,20.0,1,21,Control,Control_21,52.92,,Normal,29.0,Primary Human Fibroblast (forearm),male,84.1,0.78,0.02,771.89,,203784950058_R06C01,68.3,36.0,10.79,50.34,58.44,5.0,3.95,,0.595661085,402.56,1682140.22,817196.12,372.66,25052.07,1687.23,34527.04,0.8767395626242546,late,False,True,True,True,True,True,4,,203784950058_R06C01 beta,2.0,,,
23,hFB1,25.0,1,21,Control,Control_21,57.23,,Normal,29.0,Primary Human Fibroblast (forearm),male,116.94,0.68,0.0,1382.93,,203784950010_R04C01,68.36,33.29,12.1,52.46,58.55,4.99,5.55,,0.642224673,410.57,1598400.12,803699.18,465.54,26150.31,2702.17,35066.87,0.9481444665341285,late,False,True,True,True,True,True,4,,203784950010_R04C01 beta,2.0,,,
25,hFB2,5.0,1,21,Control,Control_21,3.08,,Normal,36.0,Primary Human Fibroblast (forearm),female,4.0,1.01,0.04,289.43,,203833030066_R02C01,43.51,35.6,8.32,39.01,62.49,5.48,-2.14,,0.388113651,374.31,1903246.26,734537.39,157.17,31915.14,23398.28,35672.22,0.09058823529411765,early,False,True,True,True,True,True,4,,203833030066_R02C01 beta,2.0,,,
27,hFB2,7.0,1,21,Control,Control_21,9.93,,Normal,36.0,Primary Human Fibroblast (forearm),female,12.0,0.95,0.02,393.56,,203784950028_R05C01,35.89,30.21,8.17,36.55,63.17,5.57,-0.33,,0.34138735,440.93,1861272.15,716149.67,17.83,32189.64,19566.15,34107.72,0.29205882352941176,early,False,True,True,True,True,True,4,,203784950028_R05C01 beta,2.0,,,
30,hFB2,10.0,1,21,Control,Control_21,21.11,,Normal,36.0,Primary Human Fibroblast (forearm),female,27.23,0.76,0.06,419.97,,203833030069_R06C01,33.0,22.13,9.02,35.47,59.86,5.63,3.93,,0.213395602,458.33,1862663.52,703503.2,-276.34,40194.24,11475.38,32766.79,0.6208823529411764,mid,False,True,True,True,True,True,4,,203833030069_R06C01 beta,2.0,,,
32,hFB2,12.0,1,21,Control,Control_21,25.71,,Normal,36.0,Primary Human Fibroblast (forearm),female,37.23,0.76,0.01,587.81,,203784950027_R03C01,38.65,23.89,11.23,37.24,59.05,5.49,3.92,,0.221627427,444.25,1844880.21,724756.57,-154.37,38809.24,10749.75,33112.62,0.7561764705882353,late,False,True,True,True,True,True,4,,203784950027_R03C01 beta,2.0,,,
34,hFB2,14.0,1,21,Control,Control_21,29.98,,Normal,36.0,Primary Human Fibroblast (forearm),female,47.08,0.81,0.03,760.08,,203774260133_R07C01,40.17,29.8,14.61,43.0,60.16,5.45,4.04,,0.325563793,439.23,1881319.62,708817.99,-166.78,39084.54,12738.2,33685.93,0.881764705882353,late,False,True,True,True,True,True,4,,203774260133_R07C01 beta,2.0,,,
37,hFB2,17.0,1,21,Control,Control_21,34.0,,Normal,36.0,Primary Human Fibroblast (forearm),female,74.31,0.64,0.03,924.63,,203784950020_R01C01,42.08,26.78,14.12,53.26,59.86,5.37,5.25,,0.272154022,456.74,1890479.71,704243.49,-139.65,37130.88,10151.65,32854.9,1.0,late,False,True,True,True,True,True,4,,203784950020_R01C01 beta,2.0,,,
313,hFB12,1.0,2,21,Control,Control_21,0.0,,Normal,18.0,Primary Human Fibroblast (breast),male,0.0,1.4,0.01,411.98,,203784950092_R04C01,27.99,7.0,-25.38,6.65,44.94,5.54,-7.57,45.99,0.757798754,352.38,1546797.36,656615.64,-72.96,9822.54,38012.68,29419.4,0.0,early,False,True,True,True,False,True,3,,203784950092_R04C01 beta,0.0,,,
315,hFB12,3.0,2,21,Control,Control_21,5.19,,Normal,18.0,Primary Human Fibroblast (breast),male,7.17,1.23,0.03,388.76,,203774260140_R04C01,33.26,8.34,-24.2,14.98,45.53,5.4,-4.9,49.0,0.723750107,352.76,1488908.27,686626.53,-69.34,10490.11,32525.42,29504.06,0.0758217677136596,early,False,True,True,True,False,True,3,,203774260140_R04C01 beta,0.0,,,
318,hFB12,6.0,2,21,Control,Control_21,15.22,,Normal,18.0,Primary Human Fibroblast (breast),male,21.21,1.12,0.04,342.19,21.0,203784950092_R03C01,29.22,6.49,-22.16,15.14,44.04,5.43,-2.67,53.23,0.668920726,350.78,1585725.11,671892.84,-52.74,18037.98,29063.55,29988.27,0.22235208181154126,early,True,True,True,True,True,True,5,Sample_21,203784950092_R03C01 beta,0.0,0.21028126382096443,-0.053024613641404005,-0.17171393742502983
319,hFB12,7.0,2,21,Control,Control_21,19.14,,Normal,18.0,Primary Human Fibroblast (breast),male,27.04,0.97,0.06,383.27,,203784950049_R03C01,35.75,8.0,-15.63,16.81,41.67,5.37,-2.87,57.36,0.707359317,346.86,1475701.48,634428.9,8.52,21537.2,26557.02,29760.97,0.2796201607012418,early,False,True,True,True,True,True,4,,203784950049_R03C01 beta,0.0,,,
321,hFB12,9.0,2,21,Control,Control_21,25.82,,Normal,18.0,Primary Human Fibroblast (breast),male,37.33,,,,22.0,,,,,,,,,,,,,,,,,,0.3772096420745069,mid,True,False,False,False,True,False,2,Sample_22,,0.0,0.07095642186923726,-0.1155399036347705,-0.1975916661681386
322,hFB12,10.0,2,21,Control,Control_21,28.81,,Normal,18.0,Primary Human Fibroblast (breast),male,42.04,0.95,0.04,325.34,,203833040096_R03C01,43.41,12.6,-11.61,20.12,37.91,5.26,-0.26,63.2,0.640224809,326.01,1506879.2,647210.83,-49.88,21714.5,18298.81,29714.37,0.4208911614317019,mid,False,True,True,True,True,True,4,,203833040096_R03C01 beta,0.0,,,
324,hFB12,12.0,2,21,Control,Control_21,35.34,,Normal,18.0,Primary Human Fibroblast (breast),male,52.96,,,,23.0,,,,,,,,,,,,,,,,,,0.5162892622352082,mid,True,False,False,False,True,False,2,Sample_23,,0.0,0.09964740000642418,-0.025657438604600385,-0.4073278422396308
325,hFB12,13.0,2,21,Control,Control_21,37.95,,Normal,18.0,Primary Human Fibroblast (breast),male,58.04,0.87,0.01,379.21,,203784950009_R05C01,42.78,15.21,-8.38,25.33,36.98,5.4,0.54,70.07,0.656732596,326.89,1462012.82,661133.84,-46.83,26185.8,15594.44,29993.54,0.5544192841490139,mid,False,True,True,True,True,True,4,,203784950009_R05C01 beta,0.0,,,
327,hFB12,15.0,2,21,Control,Control_21,42.9,,Normal,18.0,Primary Human Fibroblast (breast),male,68.08,,,,24.0,,,,,,,,,,,,,,,,,,0.6267348429510591,mid,True,False,False,False,True,False,2,Sample_24,,0.0,0.06456219751879566,0.006561995759120559,-0.19634314432687705
328,hFB12,16.0,2,21,Control,Control_21,45.39,,Normal,18.0,Primary Human Fibroblast (breast),male,73.08,0.7,0.03,415.16,,203784950082_R05C01,40.32,19.93,3.5,41.12,37.48,5.54,0.05,75.08,0.716440533,307.96,1513969.9,713642.57,-114.94,30722.32,15298.88,30518.52,0.6631117604090577,late,False,True,True,True,True,True,4,,203784950082_R05C01 beta,0.0,,,
330,hFB12,18.0,2,21,Control,Control_21,49.15,,Normal,18.0,Primary Human Fibroblast (breast),male,83.08,,,,25.0,,,,,,,,,,,,,,,,,,0.7180423666910153,late,True,False,False,False,True,False,2,Sample_25,,0.0,-0.09805227518452145,-0.2156426203886526,0.17458631596871169
331,hFB12,19.0,2,21,Control,Control_21,50.88,,Normal,18.0,Primary Human Fibroblast (breast),male,88.04,0.51,0.04,564.5,,203774260153_R08C01,36.68,26.43,14.45,47.26,39.35,5.43,-0.94,83.17,0.751549852,323.99,1486681.13,791886.81,-154.61,32606.64,11360.95,31328.74,0.7433162892622353,late,False,True,True,True,True,True,4,,203774260153_R08C01 beta,0.0,,,
333,hFB12,21.0,2,21,Control,Control_21,53.47,,Normal,18.0,Primary Human Fibroblast (breast),male,98.08,,,,26.0,,,,,,,,,,,,,,,,,,0.781154127100073,late,True,False,False,False,True,False,2,Sample_26,,0.0,-0.010755502433146796,-0.03967105332362753,0.37005698257099956
334,hFB12,22.0,2,21,Control,Control_21,54.27,,Normal,18.0,Primary Human Fibroblast (breast),male,102.96,0.64,0.01,657.22,,203774260159_R06C01,20.12,36.4,15.73,45.78,41.4,5.49,-1.08,86.86,0.699898534,335.52,1520640.96,879738.43,-247.34,33529.37,12686.9,31185.64,0.7928414901387875,late,False,True,True,True,True,True,4,,203774260159_R06C01 beta,0.0,,,
336,hFB12,24.0,2,21,Control,Control_21,56.72,,Normal,18.0,Primary Human Fibroblast (breast),male,115.0,,,,27.0,,,,,,,,,,,,,,,,,,0.8286340394448503,late,True,False,False,False,True,False,2,Sample_27,,0.0,-0.06835199967501626,0.18039193565809564,0.5245299839139421
337,hFB12,25.0,2,21,Control,Control_21,57.21,,Normal,18.0,Primary Human Fibroblast (breast),male,120.96,0.61,0.01,747.99,,203784950029_R05C01,14.09,41.38,7.79,44.84,40.38,5.58,-0.85,89.68,0.643848756,314.64,1481803.23,905752.14,-235.03,38321.95,9776.09,31172.76,0.8357925493060628,late,False,True,True,True,True,True,4,,203784950029_R05C01 beta,0.0,,,
339,hFB12,27.0,2,21,Control,Control_21,59.59,,Normal,18.0,Primary Human Fibroblast (breast),male,134.96,,,,28.0,,,,,,,,,,,,,,,,,,0.8705624543462381,late,True,False,False,False,True,False,2,Sample_28,,0.0,0.27764523120612666,0.2613749049539263,0.4079574048591611
340,hFB12,28.0,2,21,Control,Control_21,60.19,,Normal,18.0,Primary Human Fibroblast (breast),male,142.88,0.43,0.01,506.75,,203769830153_R04C01,13.72,36.17,4.28,42.82,42.1,5.59,-0.65,89.53,0.653701157,328.72,1485274.74,916931.95,-90.44,40583.0,11371.36,31483.11,0.8793279766252738,late,False,True,True,True,True,True,4,,203769830153_R04C01 beta,0.0,,,
342,hFB12,30.0,2,21,Control,Control_21,61.81,,Normal,18.0,Primary Human Fibroblast (breast),male,157.92,,,,29.0,,,,,,,,,,,,,,,,,,0.9029948867786706,late,True,False,False,False,True,False,2,Sample_29,,0.0,-0.1037066457051681,0.08548109404561134,-0.061411359002169486
343,hFB12,31.0,2,21,Control,Control_21,62.65,,Normal,18.0,Primary Human Fibroblast (breast),male,165.88,0.55,0.01,480.87,,203833040091_R02C01,13.6,40.31,2.75,44.34,40.6,5.78,1.32,91.78,0.650602179,298.97,1495099.46,911673.68,-72.16,39971.35,11589.9,31156.92,0.9152666179693206,late,False,True,True,True,True,True,4,,203833040091_R02C01 beta,0.0,,,
345,hFB12,33.0,2,21,Control,Control_21,63.62,,Normal,18.0,Primary Human Fibroblast (breast),male,180.88,,,,30.0,,,,,,,,,,,,,,,,,,0.9294375456537618,late,True,False,False,False,True,False,2,Sample_30,,0.0,0.16194565115709636,0.04038948552578847,0.3629713716107096
346,hFB12,34.0,2,21,Control,Control_21,63.69,,Normal,18.0,Primary Human Fibroblast (breast),male,188.29,0.46,0.01,592.98,,203774260151_R02C01,7.75,45.33,6.67,42.78,41.81,5.59,1.13,93.42,0.594313932,319.32,1459819.86,925635.04,-165.42,42119.69,13263.11,31265.0,0.9304601899196493,late,False,True,True,True,True,True,4,,203774260151_R02C01 beta,0.0,,,
348,hFB12,36.0,2,21,Control,Control_21,64.8,,Normal,18.0,Primary Human Fibroblast (breast),male,202.0,,,,31.0,,,,,,,,,,,,,,,,,,0.9466764061358656,late,True,False,False,False,True,False,2,Sample_31,,0.0,-0.01180019771936569,-0.01197852860585455,0.006549324998476103
349,hFB12,37.0,2,21,Control,Control_21,65.71,,Normal,18.0,Primary Human Fibroblast (breast),male,210.83,0.36,0.02,810.42,,203774260106_R01C01,11.68,41.88,5.37,35.11,40.35,5.63,2.21,90.64,0.710813327,325.05,1463677.52,903712.24,-176.2,41862.6,11117.72,31033.17,0.9599707815924031,late,False,True,True,True,True,True,4,,203774260106_R01C01 beta,0.0,,,
354,hFB12,42.0,2,21,Control,Control_21,68.45,,Normal,18.0,Primary Human Fibroblast (breast),male,265.0,0.33,0.04,337.36,,203774260104_R07C01,8.12,40.84,7.85,40.94,41.06,5.52,2.0,92.76,0.554657472,315.32,1534803.76,899979.33,-78.48,39028.96,10565.29,31573.37,1.0,late,False,True,True,True,False,True,3,,203774260104_R07C01 beta,0.0,,,
355,hFB13,1.0,2,21,Control,Control_21,0.0,,Normal,18.0,Primary Human Fibroblast (breast),female,0.0,1.43,0.01,399.06,,203833040027_R05C01,34.75,26.94,-17.56,6.53,51.83,5.68,-3.96,59.22,0.641950147,423.92,1431598.1,726158.86,-99.34,12930.2,33105.95,31004.7,0.0,early,False,True,True,True,False,True,3,,203833040027_R05C01 beta,1.0,,,
357,hFB13,3.0,2,21,Control,Control_21,4.91,,Normal,18.0,Primary Human Fibroblast (breast),female,8.04,1.77,0.01,501.27,,203784950089_R05C01,36.12,21.17,-17.1,16.23,52.07,5.69,-3.09,60.66,0.671339813,423.54,1474848.06,726413.45,-60.07,15646.69,32581.4,31168.22,0.0607372587827808,early,False,True,True,True,False,True,3,,203784950089_R05C01 beta,1.0,,,
359,hFB13,5.0,2,21,Control,Control_21,11.78,,Normal,18.0,Primary Human Fibroblast (breast),female,17.25,2.01,0.0,287.78,,203784950018_R04C01,36.24,19.76,-15.99,10.16,51.17,5.55,-0.7,64.51,0.683391134,411.79,1556898.19,706007.76,-5.78,19421.6,27773.61,31151.56,0.14571994062345373,early,False,True,True,True,True,True,4,,203784950018_R04C01 beta,1.0,,,
360,hFB13,6.0,2,21,Control,Control_21,15.63,,Normal,18.0,Primary Human Fibroblast (breast),female,22.08,,,,32.0,,,,,,,,,,,,,,,,,,0.1933448787728847,early,True,False,False,False,False,False,1,Sample_32,,1.0,0.27440630486759976,-0.010763445865658083,-0.06678333788642866
361,hFB13,7.0,2,21,Control,Control_21,19.94,,Normal,18.0,Primary Human Fibroblast (breast),female,27.92,1.08,0.01,333.43,,203839170025_R03C01,35.85,25.64,-12.97,7.29,49.06,5.55,0.72,66.7,0.667975591,406.52,1523546.61,679724.98,-115.32,26308.61,24509.6,31368.45,0.2466600692726373,early,False,True,True,True,True,True,4,,203839170025_R03C01 beta,1.0,,,
363,hFB13,9.0,2,21,Control,Control_21,27.83,,Normal,18.0,Primary Human Fibroblast (breast),female,38.04,,,,33.0,,,,,,,,,,,,,,,,,,0.3442602671944582,mid,True,False,False,False,True,False,2,Sample_33,,1.0,0.21499318456504937,-0.0012550875899910812,-0.32433265885179097
364,hFB13,10.0,2,21,Control,Control_21,31.56,,Normal,18.0,Primary Human Fibroblast (breast),female,42.92,0.99,0.03,315.23,,203769830137_R06C01,39.14,22.4,-6.68,15.27,49.0,5.42,1.93,74.86,0.697564091,404.68,1549791.73,681973.57,-17.14,28201.52,23639.37,31320.28,0.3904007916872835,mid,False,True,True,True,True,True,4,,203769830137_R06C01 beta,1.0,,,
366,hFB13,12.0,2,21,Control,Control_21,39.0,,Normal,18.0,Primary Human Fibroblast (breast),female,53.04,,,,34.0,,,,,,,,,,,,,,,,,,0.48243443839683325,mid,True,False,False,False,True,False,2,Sample_34,,1.0,0.21794490132030905,-0.028117921313318733,0.08565094880081822
367,hFB13,13.0,2,21,Control,Control_21,42.76,,Normal,18.0,Primary Human Fibroblast (breast),female,58.13,1.42,0.0,289.0,,203784950037_R04C01,49.8,28.81,-2.75,16.4,47.66,5.36,3.79,82.2,0.622189579,403.49,1511284.33,686236.29,-78.0,30649.73,17366.85,31280.43,0.5289460663038099,mid,False,True,True,True,True,True,4,,203784950037_R04C01 beta,1.0,,,
369,hFB13,15.0,2,21,Control,Control_21,50.17,,Normal,18.0,Primary Human Fibroblast (breast),female,68.29,,,,35.0,,,,,,,,,,,,,,,,,,0.6206086095992083,mid,True,False,False,False,True,False,2,Sample_35,,1.0,0.3950234966414813,0.08527940862718059,-0.2467547287826524
370,hFB13,16.0,2,21,Control,Control_21,52.86,,Normal,18.0,Primary Human Fibroblast (breast),female,73.13,0.99,0.0,315.21,,203774260104_R04C01,51.6,27.88,0.18,25.2,43.0,5.38,4.74,96.01,0.583205585,389.82,1453438.85,647979.08,3.8,31605.39,9959.93,30680.2,0.6538842157347847,mid,False,True,True,True,True,True,4,,203774260104_R04C01 beta,1.0,,,
372,hFB13,18.0,2,21,Control,Control_21,58.19,,Normal,18.0,Primary Human Fibroblast (breast),female,83.17,,,,36.0,,,,,,,,,,,,,,,,,,0.7198169223156853,late,True,False,False,False,True,False,2,Sample_36,,1.0,0.4877457969754161,0.15312148135320172,0.014929762881975006
373,hFB13,19.0,2,21,Control,Control_21,60.78,,Normal,18.0,Primary Human Fibroblast (breast),female,88.21,0.86,0.02,435.28,,203833040091_R08C01,48.38,28.08,1.64,26.25,43.26,5.38,5.4,101.91,0.574247591,382.98,1446644.15,632124.58,45.21,31683.49,11089.75,31002.5,0.751855517070757,late,False,True,True,True,True,True,4,,203833040091_R08C01 beta,1.0,,,
375,hFB13,21.0,2,21,Control,Control_21,65.47,,Normal,18.0,Primary Human Fibroblast (breast),female,98.13,,,,37.0,,,,,,,,,,,,,,,,,,0.8098713508164275,late,True,False,False,False,True,False,2,Sample_37,,1.0,0.5042423731054632,0.018194152856520342,-0.011767898118185502
376,hFB13,22.0,2,21,Control,Control_21,67.56,,Normal,18.0,Primary Human Fibroblast (breast),female,103.25,0.68,0.04,460.97,,203769830145_R08C01,60.12,30.67,9.23,18.77,42.45,5.45,3.39,110.38,0.636636847,370.21,1404202.06,650402.59,31.9,32994.07,7777.07,31472.43,0.8357248886689758,late,False,True,True,True,True,True,4,,203769830145_R08C01 beta,1.0,,,
378,hFB13,24.0,2,21,Control,Control_21,70.88,,Normal,18.0,Primary Human Fibroblast (breast),female,115.33,,,,38.0,,,,,,,,,,,,,,,,,,0.8767936665017317,late,True,False,False,False,True,False,2,Sample_38,,1.0,0.2611903914038082,0.18948931961889048,-0.2063802907722142
379,hFB13,25.0,2,21,Control,Control_21,71.79,,Normal,18.0,Primary Human Fibroblast (breast),female,122.04,0.77,0.01,755.73,,203833030029_R08C01,66.43,35.74,10.82,14.02,44.46,5.61,4.41,110.1,0.785957225,363.99,1481128.87,642485.23,102.5,31300.9,15855.36,31633.37,0.8880504700643246,late,False,True,True,True,True,True,4,,203833030029_R08C01 beta,1.0,,,
381,hFB13,27.0,2,21,Control,Control_21,73.34,,Normal,18.0,Primary Human Fibroblast (breast),female,136.29,,,,39.0,,,,,,,,,,,,,,,,,,0.9072241464621474,late,True,False,False,False,True,False,2,Sample_39,,1.0,-0.03828608213170872,0.11693249926467676,0.309493144744022
382,hFB13,28.0,2,21,Control,Control_21,73.55,,Normal,18.0,Primary Human Fibroblast (breast),female,143.21,0.84,0.03,604.88,,203784950078_R08C01,59.99,33.14,12.53,-8.43,44.23,5.79,3.82,115.59,0.93119213,342.0,1545689.55,671773.83,72.25,34504.16,14961.62,33062.16,0.9098218703612072,late,False,True,True,True,False,True,3,,203784950078_R08C01 beta,1.0,,,
384,hFB13,30.0,2,21,Control,Control_21,75.01,,Normal,18.0,Primary Human Fibroblast (breast),female,158.21,,,,40.0,,,,,,,,,,,,,,,,,,0.927882236516576,late,True,False,False,False,True,False,2,Sample_40,,1.0,-0.11231884142734944,0.18716120961462623,0.2544498800903999
385,hFB13,31.0,2,21,Control,Control_21,75.38,,Normal,18.0,Primary Human Fibroblast (breast),female,166.17,0.83,0.0,603.24,,203784950020_R02C01,64.41,41.12,12.6,-1.01,43.91,5.88,4.13,111.89,0.985531153,337.32,1597896.2,694645.68,41.35,38580.12,16492.14,33253.13,0.9324591786244433,late,False,True,True,True,True,True,4,,203784950020_R02C01 beta,1.0,,,
387,hFB13,33.0,2,21,Control,Control_21,77.74,,Normal,18.0,Primary Human Fibroblast (breast),female,182.08,,,,41.0,,,,,,,,,,,,,,,,,,0.9616526472043542,late,True,False,False,False,True,False,2,Sample_41,,1.0,0.1577958251720383,0.2270959210116621,0.40755421928483343
388,hFB13,34.0,2,21,Control,Control_21,78.66,,Normal,18.0,Primary Human Fibroblast (breast),female,189.38,0.53,0.03,947.46,,203774260129_R01C01,68.38,44.21,12.58,5.9,43.56,5.72,3.41,116.41,1.012692637,343.45,1597877.13,682232.93,132.31,38872.17,17856.6,33218.62,0.9730331519049974,late,False,True,True,True,True,True,4,,203774260129_R01C01 beta,1.0,,,
390,hFB13,36.0,2,21,Control,Control_21,79.99,,Normal,18.0,Primary Human Fibroblast (breast),female,202.25,,,,42.0,,,,,,,,,,,,,,,,,,0.9894854032657099,late,True,False,False,False,True,False,2,Sample_42,,1.0,0.2444717864718113,0.03667549025412332,-0.4581689324834869
397,hFB14,6.0,2,21,Control,Control_21,1.95,,Normal,0.0,Primary Human Fibroblast (foreskin),male,3.08,0.77,0.01,308.38,,203774260129_R08C01,20.29,-0.03,-32.74,30.4,28.5,5.95,1.21,35.27,0.735406924,310.45,1206919.45,610003.77,0.9,27994.6,32590.67,24450.68,0.043391188251001335,early,False,True,True,True,False,True,3,,203774260129_R08C01 beta,1.0,,,
399,hFB14,8.0,2,21,Control,Control_21,10.08,,Normal,0.0,Primary Human Fibroblast (foreskin),male,13.04,0.97,0.0,427.74,,203774260118_R02C01,29.07,0.42,-34.41,40.64,27.74,5.99,2.75,40.12,0.756071305,310.5,1134809.35,604771.46,145.96,29077.41,29895.98,24594.24,0.22429906542056077,early,False,True,True,True,False,True,3,,203774260118_R02C01 beta,1.0,,,
400,hFB14,9.0,2,21,Control,Control_21,13.46,,Normal,0.0,Primary Human Fibroblast (foreskin),male,17.25,0.69,0.14,406.31,,203774260153_R04C01,26.86,0.62,-31.52,41.49,29.32,5.94,4.21,43.47,0.746742956,311.96,1044716.3,598866.12,93.36,26110.48,28622.58,24736.2,0.2995104583889631,early,False,True,True,True,True,True,4,,203774260153_R04C01 beta,1.0,,,
401,hFB14,10.0,2,21,Control,Control_21,16.85,,Normal,0.0,Primary Human Fibroblast (foreskin),male,22.42,,,,43.0,,,,,,,,,,,,,,,,,,0.37494437027147315,mid,True,False,False,False,True,False,2,Sample_43,,1.0,0.7255082693347564,0.4930652664237663,-0.31440474206956937
402,hFB14,11.0,2,21,Control,Control_21,20.4,,Normal,0.0,Primary Human Fibroblast (foreskin),male,28.08,0.65,0.04,419.28,,203833030029_R07C01,39.16,0.92,-29.12,56.98,30.31,5.86,4.84,52.2,0.987823961,317.5,1059699.17,613875.87,19.42,30288.18,26641.99,25125.3,0.4539385847797063,mid,False,True,True,True,True,True,4,,203833030029_R07C01 beta,1.0,,,
404,hFB14,13.0,2,21,Control,Control_21,26.27,,Normal,0.0,Primary Human Fibroblast (foreskin),male,39.13,,,,44.0,,,,,,,,,,,,,,,,,,0.5845571873609257,mid,True,False,False,False,True,False,2,Sample_44,,1.0,0.5554394547574459,0.4992225319974812,-0.1348409202647705
405,hFB14,14.0,2,21,Control,Control_21,27.89,,Normal,0.0,Primary Human Fibroblast (foreskin),male,44.04,0.5,0.04,308.13,,203774260129_R02C01,43.2,0.68,-27.11,49.35,30.76,5.4,6.84,56.45,0.807398699,328.75,1340912.6,593060.08,-151.17,35561.43,23598.53,25768.34,0.620605251446373,mid,False,True,True,True,True,True,4,,203774260129_R02C01 beta,1.0,,,
407,hFB14,16.0,2,21,Control,Control_21,32.17,,Normal,0.0,Primary Human Fibroblast (foreskin),male,55.04,,,,45.0,,,,,,,,,,,,,,,,,,0.7158433466844683,late,True,False,False,False,True,False,2,Sample_45,,1.0,0.3804636526335361,0.5918026990107832,-0.3211828357353669
408,hFB14,17.0,2,21,Control,Control_21,34.12,,Normal,0.0,Primary Human Fibroblast (foreskin),male,60.13,0.66,0.02,340.45,,203784950020_R08C01,46.7,0.05,-28.28,52.08,28.1,5.24,8.95,57.76,0.834556352,298.33,1421937.32,578299.22,-408.82,38589.9,17308.98,25502.68,0.7592345349354696,late,False,True,True,True,True,True,4,,203784950020_R08C01 beta,1.0,,,
410,hFB14,19.0,2,21,Control,Control_21,37.26,,Normal,0.0,Primary Human Fibroblast (foreskin),male,70.13,,,,46.0,,,,,,,,,,,,,,,,,,0.829105473965287,late,True,False,False,False,True,False,2,Sample_46,,1.0,0.6988814613451868,0.551368824619432,-0.12950324703043242
411,hFB14,20.0,2,21,Control,Control_21,38.62,,Normal,0.0,Primary Human Fibroblast (foreskin),male,74.96,0.35,0.02,496.25,,203836210089_R02C01,41.88,0.89,-17.65,48.03,28.67,5.23,7.44,67.0,0.775503563,312.68,1425600.16,555440.17,-317.52,37215.31,14639.17,26042.79,0.8593680462839342,late,False,True,True,True,True,True,4,,203836210089_R02C01 beta,1.0,,,
413,hFB14,22.0,2,21,Control,Control_21,39.73,,Normal,0.0,Primary Human Fibroblast (foreskin),male,85.08,,,,47.0,,,,,,,,,,,,,,,,,,0.8840676457498887,late,True,False,False,False,True,False,2,Sample_47,,1.0,0.5587978243084344,0.4746199309506423,-0.17024720188639014
414,hFB14,23.0,2,21,Control,Control_21,40.02,,Normal,0.0,Primary Human Fibroblast (foreskin),male,90.17,0.58,0.02,896.96,,203784950027_R06C01,50.22,0.47,-22.37,64.09,31.06,5.17,8.05,74.15,0.830783013,317.34,1408825.98,550659.2,-306.96,38749.82,15687.19,26030.02,0.8905206942590121,late,False,True,True,True,True,True,4,,203784950027_R06C01 beta,1.0,,,
416,hFB14,25.0,2,21,Control,Control_21,41.2,,Normal,0.0,Primary Human Fibroblast (foreskin),male,100.29,,,,48.0,,,,,,,,,,,,,,,,,,0.9167779261237207,late,True,False,False,False,True,False,2,Sample_48,,1.0,0.4493501320984236,0.6878476921481166,-0.039797967240363274
422,hFB14,31.0,2,21,Control,Control_21,42.26,,Normal,0.0,Primary Human Fibroblast (foreskin),male,140.38,,,,49.0,,,,,,,,,,,,,,,,,,0.9403649310191367,late,True,False,False,False,True,False,2,Sample_49,,1.0,0.654169155320289,0.9695944749774325,1.687775808273507
423,hFB14,32.0,2,21,Control,Control_21,43.95,,Normal,0.0,Primary Human Fibroblast (foreskin),male,188.71,0.32,0.13,965.17,,203784950082_R01C01,61.28,1.29,-18.48,56.14,26.75,5.1,8.72,74.39,0.85249765,295.83,1365408.84,549905.65,-323.18,39508.24,10855.81,26048.44,0.9779706275033379,late,False,True,True,True,True,True,4,,203784950082_R01C01 beta,1.0,,,
425,hFB14,34.0,2,21,Control,Control_21,44.94,,Normal,0.0,Primary Human Fibroblast (foreskin),male,258.96,0.29,0.03,,,203769830153_R08C01,55.6,0.98,-16.18,51.39,27.04,5.18,8.9,73.29,0.858172641,297.84,1378838.73,563684.07,-175.02,41234.32,7224.13,26259.95,1.0,late,False,True,True,False,False,True,2,,203769830153_R08C01 beta,1.0,,,
1176,hFB11,9.0,3,21,Control,Control_21,8.15,,Normal,3.0,Primary Human Fibroblast (upper arm),male,13.21,1.38,0.03,299.4,178.0,203784950009_R04C01,21.99,3.42,-16.91,18.98,31.11,5.76,-1.42,,0.521635113,333.06,1171448.69,544956.06,-191.97,19895.04,17499.82,29327.42,0.21526677231907027,early,True,True,True,True,True,True,5,Sample_178,203784950009_R04C01 beta,2.0,0.22126112693548852,0.18601873973280683,0.17416696130917125
1177,hFB11,10.0,3,21,Control,Control_21,12.97,,Normal,3.0,Primary Human Fibroblast (upper arm),male,20.08,1.21,0.0,293.23,179.0,203784950020_R03C01,21.59,3.01,-17.08,23.25,28.92,5.82,0.61,,0.49296905,360.55,1161836.92,532803.37,-283.7,21247.62,6337.87,29137.33,0.34257791864764925,mid,True,True,True,True,True,True,5,Sample_179,203784950020_R03C01 beta,2.0,0.45395632292635,0.21134349331785676,0.18733442505601816
1178,hFB11,11.0,3,21,Control,Control_21,17.56,,Normal,3.0,Primary Human Fibroblast (upper arm),male,27.12,1.38,0.03,426.93,180.0,203774260112_R06C01,33.78,4.06,-11.75,28.99,27.82,5.75,-1.12,,0.543911291,335.36,1105333.01,538433.94,-165.87,23274.3,8090.43,29361.87,0.4638140517696777,mid,True,True,True,True,True,True,5,Sample_180,203774260112_R06C01 beta,2.0,0.3286567821498384,0.08338954877966653,-0.2511501522103674
1179,hFB11,12.0,3,21,Control,Control_21,22.25,,Normal,3.0,Primary Human Fibroblast (upper arm),male,34.0,0.65,0.04,364.78,181.0,203833040027_R04C01,35.57,6.91,-8.67,23.26,25.93,5.91,-0.41,,0.402692023,341.9,1082196.83,559578.5,-292.16,24269.88,-3241.36,28911.5,0.5876914949815109,mid,True,True,True,True,True,True,5,Sample_181,203833040027_R04C01 beta,2.0,0.5127612384429534,0.26212991970710997,-0.10454941496032316
1180,hFB11,13.0,3,21,Control,Control_21,26.66,,Normal,3.0,Primary Human Fibroblast (upper arm),male,41.0,0.64,0.0,419.95,182.0,203769830137_R02C01,46.11,6.69,1.4,28.8,24.35,5.87,-2.58,,0.413151731,269.93,1214785.58,560953.41,-118.7,24043.11,-7958.46,28883.96,0.7041732699418912,late,True,True,True,True,True,True,5,Sample_182,203769830137_R02C01 beta,2.0,0.536980283626584,0.19123921617300363,0.02527157489258073
1181,hFB11,14.0,3,21,Control,Control_21,30.88,,Normal,3.0,Primary Human Fibroblast (upper arm),male,47.96,0.54,0.04,374.58,183.0,203833040058_R03C01,45.78,8.24,-6.52,23.75,18.49,5.92,-0.9,,0.357954821,263.18,1189803.53,583872.7,-279.48,17448.71,-19251.45,28464.35,0.8156365557316428,late,True,True,True,True,True,True,5,Sample_183,203833040058_R03C01 beta,2.0,0.5642243799000983,0.25141656398918555,-0.08766737561798317
1182,hFB11,15.0,3,21,Control,Control_21,34.14,,Normal,3.0,Primary Human Fibroblast (upper arm),male,55.16,0.8,0.02,340.64,,203784950010_R03C01,49.65,5.85,-3.98,20.36,16.0,5.88,0.36,,0.339334844,240.6,1280349.26,560300.0,-384.2,17980.89,-24395.68,28303.48,0.901743264659271,late,False,True,True,True,False,True,3,,203784950010_R03C01 beta,2.0,,,
1186,hFB12,6.0,3,21,Control,Control_21,8.02,,Normal,18.0,Primary Human Fibroblast (breast),male,13.21,0.9,0.05,360.16,184.0,203769830136_R04C01,34.71,8.61,-20.73,12.53,44.4,5.43,-3.31,,0.679141394,349.86,1506945.26,655890.96,31.95,15501.66,28956.89,29697.83,0.11716581446311175,early,True,True,True,True,True,True,5,Sample_184,203769830136_R04C01 beta,0.0,-0.5104594264337823,-0.1507148274514246,-0.0004568508294532925
1187,hFB12,7.0,3,21,Control,Control_21,12.78,,Normal,18.0,Primary Human Fibroblast (breast),male,20.08,1.23,0.01,368.83,,203784950009_R03C01,36.45,9.13,-19.08,12.28,42.74,5.46,-3.51,,0.626545,341.64,1522132.36,644180.94,-71.81,18029.4,27930.88,29978.99,0.18670562454346237,early,False,True,True,True,True,True,4,,203784950009_R03C01 beta,0.0,,,
1188,hFB12,8.0,3,21,Control,Control_21,16.86,,Normal,18.0,Primary Human Fibroblast (breast),male,27.12,1.19,0.0,318.57,185.0,203784950020_R07C01,39.67,9.5,-18.1,17.04,39.74,5.37,-1.57,,0.634036855,325.08,1461684.59,648203.95,112.91,18447.13,21779.91,29295.29,0.24631117604090574,early,True,True,True,True,True,True,5,Sample_185,203784950020_R07C01 beta,0.0,-0.12962326871736007,-0.2324676222114078,0.019577565741574154
1189,hFB12,9.0,3,21,Control,Control_21,20.3,,Normal,18.0,Primary Human Fibroblast (breast),male,34.0,0.72,0.04,363.91,,203839170025_R05C01,43.16,10.79,-15.35,16.88,42.39,5.46,-3.19,,0.655385892,345.62,1423285.61,652725.77,255.55,20899.18,26495.52,29888.47,0.29656683710737763,early,False,True,True,True,True,True,4,,203839170025_R05C01 beta,0.0,,,
1190,hFB12,10.0,3,21,Control,Control_21,23.74,,Normal,18.0,Primary Human Fibroblast (breast),male,41.0,1.17,0.0,447.55,186.0,203784950018_R07C01,38.62,10.52,-12.77,18.97,39.49,5.37,-2.61,,0.6186178,338.45,1446222.46,629728.65,-33.74,23454.26,20312.36,29885.59,0.34682249817384947,mid,True,True,True,True,True,True,5,Sample_186,203784950018_R07C01 beta,0.0,-0.21596036437189606,-0.22645512959991163,0.48646079907590584
1191,hFB12,11.0,3,21,Control,Control_21,26.67,,Normal,18.0,Primary Human Fibroblast (breast),male,47.96,0.81,0.21,378.51,,203784950082_R06C01,44.44,11.91,-10.97,20.65,39.32,5.37,-2.76,,0.60260764,327.91,1466888.47,648177.46,49.31,24611.36,17217.54,29871.21,0.38962746530314096,mid,False,True,True,True,True,True,4,,203784950082_R06C01 beta,0.0,,,
1192,hFB12,12.0,3,21,Control,Control_21,29.24,,Normal,18.0,Primary Human Fibroblast (breast),male,55.16,0.97,0.0,507.7,187.0,203774260088_R05C01,41.49,11.45,-12.49,26.22,36.35,5.31,-2.12,,0.569616199,338.1,1454684.08,632767.47,56.96,25318.89,16555.99,29937.5,0.42717311906501093,mid,True,True,True,True,False,True,4,Sample_187,203774260088_R05C01 beta,0.0,-0.35467062368046764,-0.19649914506668173,0.5122093747981497
1193,hFB12,13.0,3,21,Control,Control_21,31.57,,Normal,18.0,Primary Human Fibroblast (breast),male,62.08,0.59,0.02,485.83,188.0,203774260153_R07C01,40.26,14.64,-9.8,28.07,36.18,5.35,-2.52,,0.577757158,313.1,1468702.54,647699.8,-42.94,25157.25,17919.43,30274.59,0.4612125639152666,mid,True,True,True,True,False,True,4,Sample_188,203774260153_R07C01 beta,0.0,-0.5282833305159141,-0.060517195686871805,0.24434606807217324
1197,hFB13,6.0,3,21,Control,Control_21,9.66,,Normal,18.0,Primary Human Fibroblast (breast),female,13.21,1.95,0.01,323.71,189.0,203784950020_R06C01,34.02,19.78,-15.84,12.55,49.78,5.5,0.68,,0.669715847,406.5,1491247.18,690053.61,-177.82,23640.13,30177.03,30962.23,0.11949529935675408,early,True,True,True,True,True,True,5,Sample_189,203784950020_R06C01 beta,1.0,-0.4305993107972083,-0.19819756047262946,-0.09294397432413866
1198,hFB13,7.0,3,21,Control,Control_21,15.01,,Normal,18.0,Primary Human Fibroblast (breast),female,20.09,1.78,0.0,282.67,,203774260086_R07C01,37.52,21.47,-10.69,7.26,49.83,5.48,-0.14,,0.668695464,398.7,1532978.46,696391.95,-48.1,23133.51,28029.86,31064.05,0.18567540821375556,early,False,True,True,True,True,True,4,,203774260086_R07C01 beta,1.0,,,
1199,hFB13,8.0,3,21,Control,Control_21,19.94,,Normal,18.0,Primary Human Fibroblast (breast),female,27.13,1.68,0.04,301.43,190.0,203774260087_R02C01,43.53,22.32,-9.82,19.2,49.15,5.57,0.02,,0.664471073,406.07,1534310.6,695813.66,-65.18,27836.81,22518.67,31086.01,0.2466600692726373,early,True,True,True,True,True,True,5,Sample_190,203774260087_R02C01 beta,1.0,-0.15400158889541413,-0.19778021187231073,0.18523095114065688
1200,hFB13,9.0,3,21,Control,Control_21,24.93,,Normal,18.0,Primary Human Fibroblast (breast),female,34.0,0.99,0.03,344.99,,203774260120_R06C01,38.85,21.52,-11.13,9.22,48.44,5.44,0.54,,0.624534448,393.28,1546681.51,706993.37,-40.92,26229.49,21899.51,31226.09,0.30838693715982185,early,False,True,True,True,True,True,4,,203774260120_R06C01 beta,1.0,,,
1201,hFB13,10.0,3,21,Control,Control_21,29.81,,Normal,18.0,Primary Human Fibroblast (breast),female,41.0,1.41,0.15,418.73,191.0,203774260128_R08C01,45.45,24.23,-6.64,15.03,46.38,5.42,-0.44,,0.674381434,394.37,1506268.55,682458.8,-91.43,28329.78,14020.35,31438.08,0.36875309252845123,mid,True,True,True,True,True,True,5,Sample_191,203774260128_R08C01 beta,1.0,0.16856957203217562,-0.26074856422236653,0.27828293712239993
1202,hFB13,11.0,3,21,Control,Control_21,34.95,,Normal,18.0,Primary Human Fibroblast (breast),female,47.96,1.34,0.02,413.39,,203784950020_R05C01,47.73,22.22,-3.65,18.45,44.81,5.58,1.64,,0.643764677,395.06,1495700.59,674972.79,-126.03,29733.91,18667.72,30482.73,0.4323354774863929,mid,False,True,True,True,True,True,4,,203784950020_R05C01 beta,1.0,,,
1203,hFB13,12.0,3,21,Control,Control_21,39.88,,Normal,18.0,Primary Human Fibroblast (breast),female,55.17,1.05,0.01,303.97,192.0,203774260120_R04C01,45.59,28.94,-1.31,17.33,45.05,5.49,0.88,,0.538014519,383.77,1461816.3,676730.15,-42.95,30134.79,16333.66,31027.99,0.4933201385452746,mid,True,True,True,True,False,True,4,Sample_192,203774260120_R04C01 beta,1.0,0.35237308979851456,-0.2036712430710571,0.06509990317932111
1204,hFB13,13.0,3,21,Control,Control_21,44.84,,Normal,18.0,Primary Human Fibroblast (breast),female,62.09,0.98,0.04,287.27,193.0,203784950089_R03C01,47.35,22.6,-0.31,23.53,44.58,5.55,1.44,,0.621298943,385.33,1554264.84,678986.58,-20.79,33033.99,13201.59,30845.86,0.5546759030183078,mid,True,True,True,True,False,True,4,Sample_193,203784950089_R03C01 beta,1.0,0.38427815785401304,-0.12194603717147,-0.13838094763550157
1240,hFB11,8.0,3,3,Control,Control_3,3.71,,Normal,3.0,Primary Human Fibroblast (upper arm),male,6.08,1.62,0.03,226.69,202.0,203784950037_R06C01,17.65,2.7,-22.79,11.38,33.77,5.73,-2.52,,0.520633991,348.6,1212530.61,567011.55,45.51,17536.45,18920.99,29166.69,0.09799260433174854,early,True,True,True,True,False,True,4,Sample_202,203784950037_R06C01 beta,2.0,0.33555002144070367,0.4059986161251361,-0.5668540310522303
1241,hFB11,9.0,3,3,Control,Control_3,8.1,,Normal,3.0,Primary Human Fibroblast (upper arm),male,13.29,1.09,0.02,188.13,,203774260113_R06C01,20.54,1.47,-21.04,21.68,30.51,5.73,-0.27,,0.49462977,340.34,1107208.07,552753.34,-241.44,20615.51,11504.38,29823.48,0.21394611727416799,early,False,True,True,True,True,True,4,,203774260113_R06C01 beta,2.0,,,
1242,hFB11,10.0,3,3,Control,Control_3,12.87,,Normal,3.0,Primary Human Fibroblast (upper arm),male,20.5,0.9,0.02,165.64,203.0,203769830136_R03C01,29.78,3.64,-18.02,20.33,28.82,5.66,-1.01,,0.552444455,345.29,1119658.44,528644.25,-283.26,19481.61,10452.47,29276.81,0.3399366085578447,mid,True,True,True,True,True,True,5,Sample_203,203769830136_R03C01 beta,2.0,0.0071242029575525195,0.22541195044492932,-0.19856692897249445
1243,hFB11,11.0,3,3,Control,Control_3,17.25,,Normal,3.0,Primary Human Fibroblast (upper arm),male,27.25,1.0,0.01,174.79,,203774260098_R06C01,28.44,2.66,-16.37,25.47,29.76,5.77,-0.31,,0.502354301,353.82,1192081.96,558862.54,-226.78,23312.7,7409.25,29266.65,0.45562599049128366,mid,False,True,True,True,True,True,4,,203774260098_R06C01 beta,2.0,,,
1244,hFB11,12.0,3,3,Control,Control_3,21.84,,Normal,3.0,Primary Human Fibroblast (upper arm),male,34.16,0.95,0.15,185.72,204.0,203841900014_R04C01,39.5,6.13,-8.02,26.52,28.32,5.66,0.99,,0.475202134,344.52,1269444.26,559595.5,-209.43,22573.79,1258.04,28646.16,0.5768621236133122,mid,True,True,True,True,True,True,5,Sample_204,203841900014_R04C01 beta,2.0,0.08058176117715853,0.3305916762831955,-0.4280490667912683
1245,hFB11,13.0,3,3,Control,Control_3,26.09,,Normal,3.0,Primary Human Fibroblast (upper arm),male,41.16,0.96,0.02,179.64,,203784950011_R08C01,38.31,5.54,-13.98,22.43,21.4,5.73,0.56,,0.503062083,298.31,1291484.13,549510.22,-375.21,19827.7,-7853.25,28172.59,0.6891178024300053,late,False,True,True,True,True,True,4,,203784950011_R08C01 beta,2.0,,,
1246,hFB11,14.0,3,3,Control,Control_3,30.42,,Normal,3.0,Primary Human Fibroblast (upper arm),male,48.08,0.79,0.0,210.61,205.0,203784950058_R03C01,46.23,6.17,-9.87,19.76,23.72,5.67,0.69,,0.505959673,303.24,1357293.32,583467.93,-256.45,18510.92,-14163.46,28668.61,0.803486529318542,late,True,True,True,True,True,True,5,Sample_205,203784950058_R03C01 beta,2.0,0.09617243652399901,0.3716068488020406,-0.7755945524331563
1247,hFB11,15.0,3,3,Control,Control_3,34.66,,Normal,3.0,Primary Human Fibroblast (upper arm),male,55.33,0.78,0.02,225.84,,203774260088_R07C01,49.92,6.12,-3.42,28.17,21.31,5.63,0.54,,0.482346701,274.51,1387008.88,585444.24,-252.25,19160.5,-14839.35,28674.73,0.9154780771262545,late,False,True,True,True,False,True,3,,203774260088_R07C01 beta,2.0,,,
1248,hFB11,16.0,3,3,Control,Control_3,37.86,,Normal,3.0,Primary Human Fibroblast (upper arm),male,62.21,0.85,0.05,213.67,206.0,203774260112_R03C01,44.46,8.19,-7.34,19.69,17.58,5.67,0.69,,0.520727619,262.79,1226388.61,539605.25,-170.06,19014.95,-15653.39,28060.11,1.0,late,True,True,True,True,False,True,4,Sample_206,203774260112_R03C01 beta,2.0,0.20089709512085277,0.49699505881444545,-0.8548100961272473
1251,hFB12,5.0,3,3,Control,Control_3,4.06,,Normal,18.0,Primary Human Fibroblast (breast),male,6.08,1.43,0.01,233.52,207.0,203784950029_R07C01,33.4,8.86,-22.79,10.2,45.56,5.5,-4.03,,0.7436317,353.0,1523900.05,654629.88,59.46,15257.67,33746.57,29444.52,0.05931336742147552,early,True,True,True,True,False,True,4,Sample_207,203784950029_R07C01 beta,0.0,-0.4718419140832237,0.17949167454800766,-0.5654926359741471
1252,hFB12,6.0,3,3,Control,Control_3,7.61,,Normal,18.0,Primary Human Fibroblast (breast),male,13.29,0.91,0.02,273.1,,203833040027_R03C01,38.72,11.03,-21.16,9.77,43.47,5.54,-3.63,,0.698219157,331.27,1455872.12,677833.71,-65.35,16981.06,29356.35,29388.81,0.11117604090577063,early,False,True,True,True,True,True,4,,203833040027_R03C01 beta,0.0,,,
1253,hFB12,7.0,3,3,Control,Control_3,11.71,,Normal,18.0,Primary Human Fibroblast (breast),male,20.5,1.13,0.01,205.04,208.0,203833040096_R08C01,38.29,9.92,-16.07,20.44,43.08,5.33,-1.29,,0.758530021,360.0,1543965.64,661268.04,45.2,17778.95,27310.02,29097.71,0.1710737764791819,early,True,True,True,True,True,True,5,Sample_208,203833040096_R08C01 beta,0.0,-0.8134696188376143,-0.06850760399928336,0.02555444200333057
1254,hFB12,8.0,3,3,Control,Control_3,14.68,,Normal,18.0,Primary Human Fibroblast (breast),male,27.25,0.95,0.06,225.05,,203774260140_R05C01,40.75,10.53,-15.31,14.75,42.72,5.34,-1.09,,0.686691467,345.31,1550761.51,653161.41,-64.86,20199.41,25517.99,29629.49,0.21446311176040905,early,False,True,True,True,True,True,4,,203774260140_R05C01 beta,0.0,,,
1255,hFB12,9.0,3,3,Control,Control_3,17.19,,Normal,18.0,Primary Human Fibroblast (breast),male,34.16,0.84,0.05,211.82,209.0,203769830145_R07C01,40.42,9.28,-16.02,14.08,41.57,5.39,-2.37,,0.648734998,342.47,1512398.49,657117.41,83.15,18747.53,26368.16,29344.88,0.25113221329437546,early,True,True,True,True,True,True,5,Sample_209,203769830145_R07C01 beta,0.0,-1.1028802421060817,0.009997938366514659,-0.43156865407035677
1256,hFB12,10.0,3,3,Control,Control_3,19.12,,Normal,18.0,Primary Human Fibroblast (breast),male,41.16,0.82,0.02,315.97,,203833030029_R04C01,41.92,10.73,-15.21,21.13,40.24,5.36,-1.23,,0.74693396,335.74,1548622.27,660548.18,0.57,22267.72,20356.52,29881.12,0.2793279766252739,early,False,True,True,True,True,True,4,,203833030029_R04C01 beta,0.0,,,
1257,hFB12,11.0,3,3,Control,Control_3,20.9,,Normal,18.0,Primary Human Fibroblast (breast),male,48.08,,,,210.0,,,,,,,,,,,,,,,,,,0.3053323593864134,early,True,False,False,False,True,False,2,Sample_210,,0.0,-0.9997708792203259,-0.024995811026676234,-0.21484462609821262
1258,hFB12,12.0,3,3,Control,Control_3,22.32,,Normal,18.0,Primary Human Fibroblast (breast),male,55.33,0.78,0.0,236.97,,203774260141_R02C01,40.56,13.08,-12.39,23.96,41.57,5.23,0.02,,0.684298798,350.92,1468124.3,669561.14,142.87,24568.21,19692.26,29342.04,0.32607742878013146,early,False,True,True,True,False,True,3,,203774260141_R02C01 beta,0.0,,,
1259,hFB12,13.0,3,3,Control,Control_3,23.96,,Normal,18.0,Primary Human Fibroblast (breast),male,62.21,0.93,0.02,208.03,211.0,203784950019_R02C01,40.34,11.56,-12.26,22.2,39.17,5.25,-0.68,,0.635704802,343.06,1502538.65,679415.65,127.02,26439.48,19240.76,29624.47,0.350036523009496,mid,True,True,True,True,False,True,4,Sample_211,203784950019_R02C01 beta,0.0,-0.009871681460039083,0.3871220024210564,-0.6166561119922728
1262,hFB13,5.0,3,3,Control,Control_3,4.39,,Normal,18.0,Primary Human Fibroblast (breast),female,6.09,1.63,0.03,283.23,212.0,203784950052_R03C01,39.94,19.74,-15.86,11.72,51.43,5.57,-0.33,,0.644178817,411.33,1488257.17,697954.95,30.83,17697.07,28276.4,30827.49,0.05430479960415635,early,True,True,True,True,False,True,4,Sample_212,203784950052_R03C01 beta,1.0,-0.6241875670127782,0.14750583874782774,-0.3743165290835095
1263,hFB13,6.0,3,3,Control,Control_3,9.01,,Normal,18.0,Primary Human Fibroblast (breast),female,13.29,1.34,0.0,219.63,,203784950027_R05C01,38.62,20.42,-14.2,5.18,49.6,5.46,-0.65,,0.71420153,405.01,1491715.19,688701.71,-199.97,21545.14,27139.47,30939.03,0.11145472538347352,early,False,True,True,True,True,True,4,,203784950027_R05C01 beta,1.0,,,
1264,hFB13,7.0,3,3,Control,Control_3,13.64,,Normal,18.0,Primary Human Fibroblast (breast),female,20.5,1.42,0.03,229.43,213.0,203774260104_R02C01,37.0,19.98,-12.48,15.01,50.39,5.53,0.08,,0.663610154,396.21,1572428.76,696436.29,-80.53,22547.18,28151.71,31034.19,0.16872835230084116,early,True,True,True,True,True,True,5,Sample_213,203774260104_R02C01 beta,1.0,-0.8674597463398948,-0.09283165860160687,-0.0884926923491336
1265,hFB13,8.0,3,3,Control,Control_3,18.02,,Normal,18.0,Primary Human Fibroblast (breast),female,27.25,1.46,0.01,223.62,,203833030064_R02C01,43.3,20.42,-10.8,18.14,49.44,5.54,1.15,,0.72271561,394.86,1567356.52,680017.08,6.25,23213.19,24661.68,30975.13,0.22290945076694704,early,False,True,True,True,True,True,4,,203833030064_R02C01 beta,1.0,,,
1266,hFB13,9.0,3,3,Control,Control_3,22.27,,Normal,18.0,Primary Human Fibroblast (breast),female,34.17,1.61,0.02,197.16,214.0,203833030069_R07C01,47.84,22.32,-9.23,21.41,48.75,5.47,1.23,,0.665987388,406.11,1555029.32,685426.12,-54.96,28198.91,22055.66,30589.37,0.2754824344383968,early,True,True,True,True,True,True,5,Sample_214,203833030069_R07C01 beta,1.0,-0.6709789455488517,-0.09284670638556695,-0.11995967630054888
1267,hFB13,10.0,3,3,Control,Control_3,26.64,,Normal,18.0,Primary Human Fibroblast (breast),female,41.17,1.34,0.08,225.26,,203833030069_R04C01,51.8,23.19,-5.79,21.88,47.27,5.42,1.64,,0.618765402,397.59,1601671.97,680017.28,-33.52,26632.99,22731.77,30777.28,0.32953983176645224,early,False,True,True,True,True,True,4,,203833030069_R04C01 beta,1.0,,,
1268,hFB13,11.0,3,3,Control,Control_3,31.23,,Normal,18.0,Primary Human Fibroblast (breast),female,48.09,1.04,0.0,201.18,215.0,203784950092_R01C01,48.29,22.8,-6.26,18.45,47.88,5.44,2.07,,0.643432587,413.83,1512171.55,683976.65,-137.3,27065.61,20500.23,30822.49,0.386318654131618,mid,True,True,True,True,True,True,5,Sample_215,203784950092_R01C01 beta,1.0,-0.5463959341091474,0.006181911192931831,0.21398254598725797
1269,hFB13,12.0,3,3,Control,Control_3,35.99,,Normal,18.0,Primary Human Fibroblast (breast),female,55.34,1.17,0.0,205.22,,203833030065_R05C01,53.46,25.74,0.04,26.72,45.02,5.43,2.83,,0.616883443,395.75,1549175.5,672107.36,-44.71,27717.64,16790.08,30829.57,0.4452003958436418,mid,False,True,True,True,False,True,3,,203833030065_R05C01 beta,1.0,,,
1270,hFB13,13.0,3,3,Control,Control_3,40.58,,Normal,18.0,Primary Human Fibroblast (breast),female,62.21,1.09,0.01,201.13,216.0,203774260086_R04C01,51.54,26.2,-3.38,23.17,43.17,5.43,2.79,,0.557010696,396.64,1492001.47,661377.41,-56.77,30668.09,16883.4,30220.84,0.5019792182088075,mid,True,True,True,True,False,True,4,Sample_216,203774260086_R04C01 beta,1.0,-0.08471792647226478,0.2504343588571177,0.17773131439079892
1445,hFB12,3.0,4,21,Control,Control_21,0.0,,Normal,18.0,Primary Human Fibroblast (breast),male,0.0,1.21,0.01,318.09,,203774260113_R05C01,35.8,6.87,-24.08,15.08,43.88,5.47,-5.15,,0.650554078,347.85,1539009.88,658296.47,31.16,14740.38,32973.83,29359.91,0.0,early,False,True,True,True,False,True,3,,203774260113_R05C01 beta,0.0,,,
1446,hFB12,4.0,4,21,Control,Control_21,3.03,,Normal,18.0,Primary Human Fibroblast (breast),male,3.68,1.42,0.01,480.48,258.0,203774260088_R04C01,31.99,9.65,-21.77,11.9,44.99,5.46,-4.48,,0.660305724,359.24,1543351.16,679536.13,80.37,16000.63,29902.05,29510.92,0.04426588750913075,early,True,True,True,True,False,True,4,Sample_258,203774260088_R04C01 beta,0.0,-0.2282855476128073,-0.04004109513359282,-0.3215322825598425
1447,hFB12,5.0,4,21,Control,Control_21,6.5,,Normal,18.0,Primary Human Fibroblast (breast),male,8.71,1.34,0.05,369.16,259.0,203774260086_R05C01,35.76,9.1,-21.65,13.05,41.81,5.47,-4.44,,0.612203685,341.5,1499147.42,652935.42,3.03,15857.27,25374.49,29263.25,0.09495982468955441,early,True,True,True,True,False,True,4,Sample_259,203774260086_R05C01 beta,0.0,-0.2737581384229665,-0.17199775532013364,-0.06834421107731092
1448,hFB12,6.0,4,21,Control,Control_21,11.23,,Normal,18.0,Primary Human Fibroblast (breast),male,15.7,1.37,0.0,420.42,260.0,203774260024_R05C01,38.69,7.91,-20.03,19.19,40.96,5.49,-3.51,,0.659821531,346.88,1503283.16,643716.26,-76.24,19368.6,23837.19,29698.32,0.16406135865595325,early,True,True,True,True,False,True,4,Sample_260,203774260024_R05C01 beta,0.0,-0.20220365516490055,0.18858270946132774,-0.1327769453385659
1449,hFB12,7.0,4,21,Control,Control_21,15.66,,Normal,18.0,Primary Human Fibroblast (breast),male,22.76,1.23,0.04,414.57,261.0,203784950020_R04C01,43.32,10.32,-18.34,21.57,38.98,5.4,-1.97,,0.600073467,334.49,1494358.15,635695.75,41.26,21296.25,21233.03,29555.45,0.2287801314828342,early,True,True,True,True,False,True,4,Sample_261,203784950020_R04C01 beta,0.0,0.37720183581946587,0.10674035864121129,-0.10959734551174936
1450,hFB12,8.0,4,21,Control,Control_21,20.39,,Normal,18.0,Primary Human Fibroblast (breast),male,29.69,1.04,0.02,456.98,,203784950045_R01C01,46.12,10.3,-12.47,22.36,39.31,5.44,-2.9,,0.664851387,330.2,1549174.49,638655.81,75.23,24443.03,18902.82,30085.06,0.297881665449233,early,False,True,True,True,False,True,3,,203784950045_R01C01 beta,0.0,,,
1451,hFB12,9.0,4,21,Control,Control_21,24.76,,Normal,18.0,Primary Human Fibroblast (breast),male,36.73,1.08,0.03,448.98,,203774260128_R06C01,46.8,11.45,-12.24,23.57,39.29,5.44,-2.96,,0.602553166,326.41,1499364.46,638729.6,21.98,24259.29,22058.17,29585.26,0.3617238860482104,mid,False,True,True,True,False,True,3,,203774260128_R06C01 beta,0.0,,,
1452,hFB12,10.0,4,21,Control,Control_21,28.82,,Normal,18.0,Primary Human Fibroblast (breast),male,43.79,0.92,0.0,492.37,,203774260024_R06C01,40.25,11.98,-15.45,20.78,39.6,5.39,-2.26,,0.646232638,335.78,1485546.11,653405.07,10.68,27389.63,16145.49,29746.64,0.4210372534696859,mid,False,True,True,True,False,True,3,,203774260024_R06C01 beta,0.0,,,
1453,hFB12,11.0,4,21,Control,Control_21,32.76,,Normal,18.0,Primary Human Fibroblast (breast),male,50.76,0.56,0.05,414.44,,203833040058_R02C01,48.5,20.61,-4.21,26.73,36.6,5.39,-2.52,,0.62399394,312.33,1483861.99,653479.76,397.34,27735.08,16610.24,29016.37,0.4785975164353542,mid,False,True,True,True,False,True,3,,203833040058_R02C01 beta,0.0,,,
1462,hFB12,20.0,4,21,Control,Control_21,58.05,,Normal,18.0,Primary Human Fibroblast (breast),male,120.78,,,,272.0,,,,,,,,,,,,,,,,,,0.8480642804967129,late,True,False,False,False,False,False,1,Sample_272,,0.0,-0.20104311239889094,0.09180990357932269,-0.2632155085133122
1464,hFB12,22.0,4,21,Control,Control_21,59.41,,Normal,18.0,Primary Human Fibroblast (breast),male,134.86,,,,273.0,,,,,,,,,,,,,,,,,,0.8679327976625273,late,True,False,False,False,False,False,1,Sample_273,,0.0,-0.290051860670269,0.47354771486828745,0.07272104767178278
1467,hFB12,25.0,4,21,Control,Control_21,61.23,,Normal,18.0,Primary Human Fibroblast (breast),male,155.77,,,,275.0,,,,,,,,,,,,,,,,,,0.8945215485756025,late,True,False,False,False,False,False,1,Sample_275,,0.0,-0.3094040674056234,0.2418165945803071,-0.36874448388606856
1469,hFB13,3.0,4,21,Control,Control_21,0.0,,Normal,18.0,Primary Human Fibroblast (breast),female,0.0,1.98,0.0,419.25,,203784950029_R08C01,35.04,22.71,-15.27,15.85,52.53,5.63,-2.24,,0.711314968,420.19,1525057.07,697702.48,-52.86,17223.56,31749.61,31178.48,0.0,early,False,True,True,True,False,True,3,,203784950029_R08C01 beta,1.0,,,
1470,hFB13,4.0,4,21,Control,Control_21,2.98,,Normal,18.0,Primary Human Fibroblast (breast),female,4.48,1.59,0.04,475.64,310.0,203833030066_R01C01,31.86,23.74,-12.24,9.69,49.69,5.57,-1.36,,0.603711085,396.66,1506878.84,696551.44,-71.38,16841.09,28564.73,31170.75,0.036862939139040075,early,True,True,True,True,False,True,4,Sample_310,203833030066_R01C01 beta,1.0,0.10165456233976224,0.1875654616309083,-0.17297525752866438
1471,hFB13,5.0,4,21,Control,Control_21,6.91,,Normal,18.0,Primary Human Fibroblast (breast),female,9.51,1.75,0.04,242.07,311.0,203833030069_R08C01,38.68,24.68,-11.34,13.9,51.66,5.39,-0.92,,0.69663786,394.21,1572841.27,687291.72,-47.87,24613.95,29687.82,31253.96,0.08547748639287481,early,True,True,True,True,False,True,4,Sample_311,203833030069_R08C01 beta,1.0,-0.08758356852926755,-0.04509352394424182,0.1322614607341609
1472,hFB13,6.0,4,21,Control,Control_21,12.25,,Normal,18.0,Primary Human Fibroblast (breast),female,16.5,1.2,0.01,300.85,312.0,203769830137_R03C01,42.19,22.77,-9.52,8.28,50.44,5.53,-1.9,,0.688416033,406.56,1564676.51,690087.39,26.72,25271.16,25664.33,31422.97,0.15153389411182583,early,True,True,True,True,False,True,4,Sample_312,203769830137_R03C01 beta,1.0,0.011086965174973276,-0.016547518359083736,-0.11706588446226313
1473,hFB13,7.0,4,21,Control,Control_21,17.55,,Normal,18.0,Primary Human Fibroblast (breast),female,23.56,1.56,0.0,298.62,313.0,203784950045_R07C01,43.52,23.84,-5.87,13.78,49.51,5.57,-0.83,,0.676898882,398.4,1553927.4,690293.54,-32.41,32410.75,22005.82,31514.48,0.21709549727857497,early,True,True,True,True,False,True,4,Sample_313,203784950045_R07C01 beta,1.0,0.12552835258570832,-0.05089184467233212,0.29139178117067194
1474,hFB13,8.0,4,21,Control,Control_21,22.84,,Normal,18.0,Primary Human Fibroblast (breast),female,30.49,1.31,0.02,331.25,314.0,203784950093_R02C01,43.69,17.7,-5.65,13.52,48.29,5.5,0.22,,0.650945779,395.77,1505384.19,699689.89,-142.7,28393.95,20370.02,31482.66,0.2825333993072736,early,True,True,True,True,False,True,4,Sample_314,203784950093_R02C01 beta,1.0,0.09833768710040863,-0.13611835569994182,0.4719976926004687
1475,hFB13,9.0,4,21,Control,Control_21,27.91,,Normal,18.0,Primary Human Fibroblast (breast),female,37.53,1.41,0.01,302.64,315.0,203774260131_R06C01,43.33,24.53,-1.98,11.53,46.11,5.58,0.8,,0.603107767,387.46,1472120.1,676650.87,-153.33,27726.49,16398.83,30977.11,0.34524987629886195,mid,True,True,True,True,False,True,4,Sample_315,203774260131_R06C01 beta,1.0,0.3550507415478007,0.0948033099980526,0.262074057040465
1476,hFB13,10.0,4,21,Control,Control_21,31.88,,Normal,18.0,Primary Human Fibroblast (breast),female,44.59,1.19,0.02,323.35,316.0,203784950085_R03C01,50.29,27.25,-3.76,13.56,46.33,5.47,0.71,,0.604887605,377.42,1506338.83,691171.59,-161.69,28937.33,15473.64,31568.8,0.39435922810489854,mid,True,True,True,True,False,True,4,Sample_316,203784950085_R03C01 beta,1.0,-0.1648430488167646,0.12540505069102056,0.5973807317374844
1477,hFB13,11.0,4,21,Control,Control_21,36.45,,Normal,18.0,Primary Human Fibroblast (breast),female,51.56,1.18,0.04,361.68,317.0,203774260151_R06C01,44.68,28.59,-2.75,14.93,45.79,5.5,1.51,,0.557230004,384.68,1479295.98,678173.39,-40.66,30987.0,14958.31,31404.5,0.4508906481939634,mid,True,True,True,True,False,True,4,Sample_317,203774260151_R06C01 beta,1.0,0.3161873100228785,-0.11466468248975777,0.27230070366686115
1478,hFB13,12.0,4,21,Control,Control_21,41.29,,Normal,18.0,Primary Human Fibroblast (breast),female,58.53,,,,318.0,,,,,,,,,,,,,,,,,,0.5107619990103909,mid,True,False,False,False,False,False,1,Sample_318,,1.0,0.40474808258486283,-0.15951865591366657,0.09823303264392513
1479,hFB13,13.0,4,21,Control,Control_21,46.1,,Normal,18.0,Primary Human Fibroblast (breast),female,65.49,,,,319.0,,,,,,,,,,,,,,,,,,0.570262246412667,mid,True,False,False,False,False,False,1,Sample_319,,1.0,0.09089878692483219,-0.19468807445868205,0.4347411439590919
1480,hFB13,14.0,4,21,Control,Control_21,53.15,,Normal,18.0,Primary Human Fibroblast (breast),female,76.73,,,,320.0,,,,,,,,,,,,,,,,,,0.6574715487382483,mid,True,False,False,False,False,False,1,Sample_320,,1.0,0.46782712114029523,0.004331619710247481,0.05820224006257972
1481,hFB13,15.0,4,21,Control,Control_21,58.99,,Normal,18.0,Primary Human Fibroblast (breast),female,86.61,,,,321.0,,,,,,,,,,,,,,,,,,0.7297130133597229,late,True,False,False,False,False,False,1,Sample_321,,1.0,0.805456095775295,0.2707039369937889,0.007172122775164852
1482,hFB13,16.0,4,21,Control,Control_21,62.27,,Normal,18.0,Primary Human Fibroblast (breast),female,93.53,,,,322.0,,,,,,,,,,,,,,,,,,0.7702869866402771,late,True,False,False,False,False,False,1,Sample_322,,1.0,0.46325821048645366,0.1490796992521269,0.31086458999942784
1483,hFB13,17.0,4,21,Control,Control_21,64.68,,Normal,18.0,Primary Human Fibroblast (breast),female,100.54,,,,323.0,,,,,,,,,,,,,,,,,,0.8000989609104404,late,True,False,False,False,False,False,1,Sample_323,,1.0,0.7245849722201391,0.31749195330227725,0.07555289644965257
1484,hFB13,18.0,4,21,Control,Control_21,66.69,,Normal,18.0,Primary Human Fibroblast (breast),female,107.58,,,,324.0,,,,,,,,,,,,,,,,,,0.8249628896585848,late,True,False,False,False,False,False,1,Sample_324,,1.0,0.6482125094746197,0.3126534337415109,-0.06318766673335302
1485,hFB13,19.0,4,21,Control,Control_21,68.48,,Normal,18.0,Primary Human Fibroblast (breast),female,114.75,,,,325.0,,,,,,,,,,,,,,,,,,0.847105393369619,late,True,False,False,False,False,False,1,Sample_325,,1.0,0.5523759307330816,0.2691069105740449,0.07353648724532366
1486,hFB13,20.0,4,21,Control,Control_21,69.96,,Normal,18.0,Primary Human Fibroblast (breast),female,121.58,,,,326.0,,,,,,,,,,,,,,,,,,0.8654131618010884,late,True,False,False,False,False,False,1,Sample_326,,1.0,0.5698890858833173,0.31732753873975267,-0.34531698784611037
1489,hFB13,23.0,4,21,Control,Control_21,72.77,,Normal,18.0,Primary Human Fibroblast (breast),female,142.58,,,,327.0,,,,,,,,,,,,,,,,,,0.9001731815932705,late,True,False,False,False,False,False,1,Sample_327,,1.0,0.5533757098558123,0.21145951213689493,-0.27502007998392597
1491,hFB13,25.0,4,21,Control,Control_21,74.35,,Normal,18.0,Primary Human Fibroblast (breast),female,156.57,,,,328.0,,,,,,,,,,,,,,,,,,0.9197179614052449,late,True,False,False,False,False,False,1,Sample_328,,1.0,0.839221980284993,0.9161820601749632,-0.07026270848540439
